Šy‹ÈID,“ïˆÕ“x”Ô†,ID_DifN,Lv,Notes
1,1,1_1,5,220
1,2,1_2,10,492
1,3,1_3,16,719
1,4,1_4,22,961
1,5,1_5,26,1147
1,6,1_6,25,1353
43,1,43_1,6,122
43,2,43_2,13,366
43,3,43_3,18,715
43,4,43_4,27,983
43,5,43_5,30,1131
47,1,47_1,7,286
47,2,47_2,12,684
47,3,47_3,17,1056
47,4,47_4,25,1363
47,5,47_5,29,1586
49,1,49_1,9,376
49,2,49_2,15,751
49,3,49_3,22,1116
49,4,49_4,30,1502
49,5,49_5,35,1666
50,1,50_1,5,111
50,2,50_2,11,347
50,3,50_3,16,631
50,4,50_4,23,859
50,5,50_5,27,986
82,1,82_1,6,134
82,2,82_2,11,341
82,3,82_3,16,593
82,4,82_4,23,804
82,5,82_5,27,1016
2,1,2_1,7,166
2,2,2_2,11,296
2,3,2_3,17,635
2,4,2_4,24,827
2,5,2_5,29,975
2,6,2_6,28,1040
3,1,3_1,9,135
3,2,3_2,14,477
3,3,3_3,19,681
3,4,3_4,27,997
3,5,3_5,32,1221
6,1,6_1,9,198
6,2,6_2,14,394
6,3,6_3,19,568
6,4,6_4,28,808
6,5,6_5,32,1060
6,6,6_6,34,1351
10,1,10_1,6,127
10,2,10_2,11,437
10,3,10_3,18,685
10,4,10_4,24,859
10,5,10_5,28,1136
10,6,10_6,29,1205
13,1,13_1,6,134
13,2,13_2,12,381
13,3,13_3,17,462
13,4,13_4,23,719
13,5,13_5,29,985
71,1,71_1,6,168
71,2,71_2,11,316
71,3,71_3,16,583
71,4,71_4,24,854
71,5,71_5,28,861
26,1,26_1,7,148
26,2,26_2,12,371
26,3,26_3,18,520
26,4,26_4,25,825
26,5,26_5,30,952
28,1,28_1,8,160
28,2,28_2,13,436
28,3,28_3,19,677
28,4,28_4,27,984
28,5,28_5,32,1198
69,1,69_1,6,108
69,2,69_2,11,377
69,3,69_3,17,669
69,4,69_4,24,863
69,5,69_5,28,1040
38,1,38_1,8,113
38,2,38_2,13,347
38,3,38_3,18,618
38,4,38_4,25,852
38,5,38_5,30,967
41,1,41_1,5,151
41,2,41_2,12,399
41,3,41_3,18,659
41,4,41_4,24,920
41,5,41_5,27,1224
41,6,41_6,25,1126
78,1,78_1,8,278
78,2,78_2,13,472
78,3,78_3,19,711
78,4,78_4,26,951
78,5,78_5,31,1092
19,1,19_1,6,128
19,2,19_2,11,338
19,3,19_3,17,562
19,4,19_4,23,701
19,5,19_5,28,824
19,6,19_6,28,1000
66,1,66_1,5,104
66,2,66_2,10,271
66,3,66_3,15,501
66,4,66_4,22,690
66,5,66_5,27,851
67,1,67_1,5,112
67,2,67_2,10,291
67,3,67_3,17,443
67,4,67_4,22,614
67,5,67_5,26,829
63,1,63_1,7,216
63,2,63_2,12,430
63,3,63_3,17,662
63,4,63_4,25,889
63,5,63_5,29,1029
57,1,57_1,8,153
57,2,57_2,12,343
57,3,57_3,17,497
57,4,57_4,24,754
57,5,57_5,29,940
54,1,54_1,5,96
54,2,54_2,10,238
54,3,54_3,16,403
54,4,54_4,25,564
54,5,54_5,29,667
51,1,51_1,6,122
51,2,51_2,13,400
51,3,51_3,16,565
51,4,51_4,24,774
51,5,51_5,29,1027
60,1,60_1,8,190
60,2,60_2,13,440
60,3,60_3,17,541
60,4,60_4,26,815
60,5,60_5,30,973
76,1,76_1,6,143
76,2,76_2,12,400
76,3,76_3,18,549
76,4,76_4,23,735
76,5,76_5,27,858
77,1,77_1,7,127
77,2,77_2,12,343
77,3,77_3,17,519
77,4,77_4,24,789
77,5,77_5,29,960
18,1,18_1,8,229
18,2,18_2,12,467
18,3,18_3,17,765
18,4,18_4,25,1073
18,5,18_5,29,1208
73,1,73_1,6,139
73,2,73_2,11,266
73,3,73_3,16,517
73,4,73_4,22,702
73,5,73_5,27,841
27,1,27_1,6,148
27,2,27_2,11,410
27,3,27_3,17,679
27,4,27_4,23,811
27,5,27_5,28,989
21,1,21_1,7,195
21,2,21_2,13,405
21,3,21_3,18,751
21,4,21_4,26,972
21,5,21_5,31,1145
22,1,22_1,9,120
22,2,22_2,14,367
22,3,22_3,18,515
22,4,22_4,26,756
22,5,22_5,30,979
48,1,48_1,7,307
48,2,48_2,13,614
48,3,48_3,17,899
48,4,48_4,24,1248
48,5,48_5,29,1417
68,1,68_1,8,157
68,2,68_2,13,407
68,3,68_3,18,719
68,4,68_4,26,927
68,5,68_5,30,1057
44,1,44_1,6,165
44,2,44_2,13,427
44,3,44_3,16,637
44,4,44_4,23,809
44,5,44_5,28,1072
44,6,44_6,28,1020
81,1,81_1,8,184
81,2,81_2,14,424
81,3,81_3,19,851
81,4,81_4,26,1165
81,5,81_5,30,1311
83,1,83_1,6,137
83,2,83_2,11,348
83,3,83_3,18,613
83,4,83_4,26,842
83,5,83_5,29,907
11,1,11_1,6,126
11,2,11_2,12,297
11,3,11_3,17,367
11,4,11_4,24,597
11,5,11_5,29,722
84,1,84_1,6,152
84,2,84_2,13,465
84,3,84_3,18,740
84,4,84_4,26,1070
84,5,84_5,31,1374
36,1,36_1,9,266
36,2,36_2,12,618
36,3,36_3,18,812
36,4,36_4,25,1300
36,5,36_5,30,1437
86,1,86_1,7,169
86,2,86_2,11,425
86,3,86_3,16,565
86,4,86_4,23,857
86,5,86_5,27,1004
61,1,61_1,8,204
61,2,61_2,12,361
61,3,61_3,18,651
61,4,61_4,25,981
61,5,61_5,29,1131
45,1,45_1,6,139
45,2,45_2,11,339
45,3,45_3,16,539
45,4,45_4,23,839
45,5,45_5,28,1039
93,1,93_1,8,255
93,2,93_2,13,471
93,3,93_3,17,757
93,4,93_4,24,919
93,5,93_5,27,1048
93,6,93_6,30,1446
64,1,64_1,8,251
64,2,64_2,13,503
64,3,64_3,17,694
64,4,64_4,26,955
64,5,64_5,30,1190
64,6,64_6,31,1553
85,1,85_1,9,183
85,2,85_2,13,372
85,3,85_3,18,587
85,4,85_4,25,970
85,5,85_5,29,1155
62,1,62_1,9,206
62,2,62_2,13,258
62,3,62_3,18,491
62,4,62_4,26,647
62,5,62_5,29,767
70,1,70_1,6,167
70,2,70_2,12,397
70,3,70_3,17,595
70,4,70_4,24,934
70,5,70_5,27,959
92,1,92_1,5,177
92,2,92_2,12,359
92,3,92_3,16,509
92,4,92_4,24,834
92,5,92_5,28,1002
52,1,52_1,5,103
52,2,52_2,11,243
52,3,52_3,17,400
52,4,52_4,24,721
52,5,52_5,29,863
52,6,52_6,25,703
113,1,113_1,8,235
113,2,113_2,12,293
113,3,113_3,18,776
113,4,113_4,26,1156
113,5,113_5,31,1396
99,1,99_1,9,243
99,2,99_2,13,417
99,3,99_3,18,735
99,4,99_4,26,1011
99,5,99_5,31,1257
99,6,99_6,30,1518
114,1,114_1,8,152
114,2,114_2,12,304
114,3,114_3,18,615
114,4,114_4,26,1017
114,5,114_5,30,1151
115,1,115_1,8,290
115,2,115_2,12,462
115,3,115_3,17,856
115,4,115_4,26,1080
115,5,115_5,30,1292
108,1,108_1,7,194
108,2,108_2,12,407
108,3,108_3,16,589
108,4,108_4,23,914
108,5,108_5,27,1075
75,1,75_1,6,119
75,2,75_2,13,287
75,3,75_3,17,497
75,4,75_4,23,737
75,5,75_5,28,833
55,1,55_1,6,141
55,2,55_2,11,281
55,3,55_3,16,449
55,4,55_4,24,737
55,5,55_5,28,895
74,1,74_1,6,74
74,2,74_2,11,171
74,3,74_3,16,356
74,4,74_4,22,544
74,5,74_5,26,589
103,1,103_1,9,284
103,2,103_2,13,428
103,3,103_3,18,673
103,4,103_4,25,881
103,5,103_5,29,1054
117,1,117_1,8,199
117,2,117_2,12,310
117,3,117_3,18,509
117,4,117_4,24,739
117,5,117_5,29,921
91,1,91_1,7,116
91,2,91_2,12,284
91,3,91_3,17,515
91,4,91_4,25,747
91,5,91_5,29,862
46,1,46_1,9,237
46,2,46_2,14,413
46,3,46_3,19,770
46,4,46_4,27,1034
46,5,46_5,31,1174
87,1,87_1,6,174
87,2,87_2,12,447
87,3,87_3,17,591
87,4,87_4,22,889
87,5,87_5,28,1149
118,1,118_1,6,219
118,2,118_2,10,343
118,3,118_3,17,730
118,4,118_4,24,931
118,5,118_5,29,1076
110,1,110_1,7,206
110,2,110_2,14,427
110,3,110_3,20,777
110,4,110_4,26,1000
110,5,110_5,32,1257
100,1,100_1,6,157
100,2,100_2,12,279
100,3,100_3,16,404
100,4,100_4,23,659
100,5,100_5,26,805
88,1,88_1,9,297
88,2,88_2,13,516
88,3,88_3,18,882
88,4,88_4,26,1246
88,5,88_5,31,1401
72,1,72_1,7,157
72,2,72_2,13,361
72,3,72_3,17,511
72,4,72_4,24,696
72,5,72_5,29,873
94,1,94_1,6,201
94,2,94_2,13,353
94,3,94_3,18,590
94,4,94_4,23,817
94,5,94_5,28,915
97,1,97_1,7,192
97,2,97_2,12,461
97,3,97_3,17,562
97,4,97_4,26,974
97,5,97_5,31,1106
119,1,119_1,7,131
119,2,119_2,12,233
119,3,119_3,18,694
119,4,119_4,26,957
119,5,119_5,30,1044
109,1,109_1,7,146
109,2,109_2,12,292
109,3,109_3,17,572
109,4,109_4,25,898
109,5,109_5,28,1019
89,1,89_1,6,182
89,2,89_2,12,392
89,3,89_3,16,537
89,4,89_4,23,796
89,5,89_5,28,918
89,6,89_6,26,1028
101,1,101_1,6,204
101,2,101_2,12,418
101,3,101_3,18,743
101,4,101_4,26,1067
101,5,101_5,30,1197
107,1,107_1,7,163
107,2,107_2,13,497
107,3,107_3,18,752
107,4,107_4,26,1025
107,5,107_5,30,1226
8,1,8_1,6,193
8,2,8_2,11,268
8,3,8_3,16,488
8,4,8_4,23,719
8,5,8_5,27,903
15,1,15_1,6,156
15,2,15_2,12,322
15,3,15_3,17,546
15,4,15_4,25,773
15,5,15_5,29,902
122,1,122_1,9,201
122,2,122_2,14,507
122,3,122_3,18,637
122,4,122_4,26,965
122,5,122_5,31,1154
128,1,128_1,9,300
128,2,128_2,14,378
128,3,128_3,19,829
128,4,128_4,28,1260
128,5,128_5,32,1316
128,6,128_6,35,1894
90,1,90_1,6,108
90,2,90_2,12,227
90,3,90_3,18,470
90,4,90_4,26,818
90,5,90_5,31,849
105,1,105_1,6,161
105,2,105_2,11,264
105,3,105_3,16,478
105,4,105_4,22,683
105,5,105_5,28,871
105,6,105_6,28,1054
125,1,125_1,7,196
125,2,125_2,13,416
125,3,125_3,18,615
125,4,125_4,25,884
125,5,125_5,29,1119
124,1,124_1,7,139
124,2,124_2,12,339
124,3,124_3,17,439
124,4,124_4,24,739
124,5,124_5,28,939
124,6,124_6,29,1039
95,1,95_1,6,188
95,2,95_2,12,326
95,3,95_3,17,604
95,4,95_4,24,975
95,5,95_5,28,1166
95,6,95_6,29,1269
96,1,96_1,5,196
96,2,96_2,11,284
96,3,96_3,16,551
96,4,96_4,24,847
96,5,96_5,27,982
131,1,131_1,9,409
131,2,131_2,14,707
131,3,131_3,20,963
131,4,131_4,30,1520
131,5,131_5,34,1742
112,1,112_1,9,212
112,2,112_2,13,390
112,3,112_3,17,636
112,4,112_4,27,985
112,5,112_5,31,1235
106,1,106_1,6,151
106,2,106_2,12,339
106,3,106_3,18,583
106,4,106_4,24,808
106,5,106_5,29,988
123,1,123_1,6,225
123,2,123_2,13,367
123,3,123_3,17,567
123,4,123_4,23,873
123,5,123_5,27,1074
116,1,116_1,7,263
116,2,116_2,12,439
116,3,116_3,17,703
116,4,116_4,25,985
116,5,116_5,28,1247
116,6,116_6,26,1216
132,1,132_1,8,190
132,2,132_2,13,368
132,3,132_3,16,444
132,4,132_4,23,619
132,5,132_5,27,814
132,6,132_6,28,1001
137,1,137_1,6,157
137,2,137_2,12,298
137,3,137_3,19,565
137,4,137_4,25,807
137,5,137_5,30,878
139,1,139_1,6,182
139,2,139_2,11,357
139,3,139_3,18,594
139,4,139_4,25,932
139,5,139_5,30,1140
102,1,102_1,7,184
102,2,102_2,13,375
102,3,102_3,17,595
102,4,102_4,24,904
102,5,102_5,27,1053
126,1,126_1,6,105
126,2,126_2,12,254
126,3,126_3,18,465
126,4,126_4,24,616
126,5,126_5,29,800
126,6,126_6,29,992
138,1,138_1,7,222
138,2,138_2,14,466
138,3,138_3,19,694
138,4,138_4,25,1002
138,5,138_5,30,1251
138,6,138_6,28,1388
144,1,144_1,6,159
144,2,144_2,11,291
144,3,144_3,16,457
144,4,144_4,22,643
144,5,144_5,26,814
120,1,120_1,8,230
120,2,120_2,13,384
120,3,120_3,18,626
120,4,120_4,25,977
120,5,120_5,29,1173
120,6,120_6,27,1212
121,1,121_1,7,188
121,2,121_2,12,342
121,3,121_3,17,571
121,4,121_4,24,856
121,5,121_5,28,1035
151,1,151_1,8,232
151,2,151_2,12,354
151,3,151_3,17,559
151,4,151_4,25,750
151,5,151_5,30,903
151,6,151_6,30,1070
127,1,127_1,9,356
127,2,127_2,14,465
127,3,127_3,19,707
127,4,127_4,27,1122
127,5,127_5,32,1224
127,6,127_6,33,1631
149,1,149_1,6,213
149,2,149_2,11,312
149,3,149_3,15,405
149,4,149_4,22,522
149,5,149_5,26,703
149,6,149_6,24,1020
143,1,143_1,6,177
143,2,143_2,13,371
143,3,143_3,18,638
143,4,143_4,24,896
143,5,143_5,28,1089
130,1,130_1,6,137
130,2,130_2,12,227
130,3,130_3,18,441
130,4,130_4,24,640
130,5,130_5,28,814
156,1,156_1,6,118
156,2,156_2,11,251
156,3,156_3,17,481
156,4,156_4,25,772
156,5,156_5,29,798
156,6,156_6,28,852
135,1,135_1,9,283
135,2,135_2,14,448
135,3,135_3,20,741
135,4,135_4,29,1099
135,5,135_5,35,1288
154,1,154_1,8,298
154,2,154_2,13,389
154,3,154_3,18,563
154,4,154_4,25,884
154,5,154_5,31,1164
154,6,154_6,32,1643
129,1,129_1,7,263
129,2,129_2,12,395
129,3,129_3,19,726
129,4,129_4,25,1059
129,5,129_5,32,1377
165,1,165_1,8,258
165,2,165_2,14,409
165,3,165_3,19,794
165,4,165_4,27,1175
165,5,165_5,31,1297
171,1,171_1,9,370
171,2,171_2,14,599
171,3,171_3,19,871
171,4,171_4,27,1295
171,5,171_5,31,1404
171,6,171_6,33,1915
140,1,140_1,7,162
140,2,140_2,12,267
140,3,140_3,18,484
140,4,140_4,24,704
140,5,140_5,27,802
166,1,166_1,7,120
166,2,166_2,12,247
166,3,166_3,18,484
166,4,166_4,25,738
166,5,166_5,30,875
136,1,136_1,9,250
136,2,136_2,14,564
136,3,136_3,19,823
136,4,136_4,27,1234
136,5,136_5,32,1502
161,1,161_1,6,98
161,2,161_2,11,280
161,3,161_3,18,535
161,4,161_4,25,818
161,5,161_5,30,988
173,1,173_1,8,231
173,2,173_2,13,478
173,3,173_3,17,656
173,4,173_4,25,958
173,5,173_5,31,1123
111,1,111_1,5,125
111,2,111_2,12,244
111,3,111_3,18,459
111,4,111_4,25,686
111,5,111_5,29,806
142,1,142_1,5,124
142,2,142_2,11,221
142,3,142_3,15,308
142,4,142_4,22,458
142,5,142_5,26,547
141,1,141_1,7,199
141,2,141_2,13,344
141,3,141_3,17,475
141,4,141_4,24,711
141,5,141_5,27,833
141,6,141_6,29,1254
179,1,179_1,7,288
179,2,179_2,12,483
179,3,179_3,17,665
179,4,179_4,24,998
179,5,179_5,27,1167
98,1,98_1,7,142
98,2,98_2,14,343
98,3,98_3,19,600
98,4,98_4,26,947
98,5,98_5,33,1157
176,1,176_1,9,349
176,2,176_2,14,626
176,3,176_3,23,1154
176,4,176_4,31,1730
176,5,176_5,35,1819
145,1,145_1,7,216
145,2,145_2,13,372
145,3,145_3,18,649
145,4,145_4,26,972
145,5,145_5,29,1138
175,1,175_1,9,355
175,2,175_2,13,681
175,3,175_3,19,917
175,4,175_4,28,1368
175,5,175_5,32,1654
134,1,134_1,8,169
134,2,134_2,13,280
134,3,134_3,18,501
134,4,134_4,25,726
134,5,134_5,29,898
134,6,134_6,31,1159
150,1,150_1,6,129
150,2,150_2,11,243
150,3,150_3,18,543
150,4,150_4,25,780
150,5,150_5,28,859
150,6,150_6,29,997
133,1,133_1,5,147
133,2,133_2,12,290
133,3,133_3,19,588
133,4,133_4,26,792
133,5,133_5,31,938
152,1,152_1,7,169
152,2,152_2,12,323
152,3,152_3,18,553
152,4,152_4,25,811
152,5,152_5,29,1044
157,1,157_1,8,328
157,2,157_2,11,469
157,3,157_3,18,848
157,4,157_4,26,1123
157,5,157_5,29,1303
177,1,177_1,6,171
177,2,177_2,12,377
177,3,177_3,18,643
177,4,177_4,25,1058
177,5,177_5,31,1315
148,1,148_1,6,213
148,2,148_2,12,333
148,3,148_3,16,597
148,4,148_4,24,978
148,5,148_5,26,1092
184,1,184_1,9,201
184,2,184_2,13,382
184,3,184_3,17,572
184,4,184_4,25,900
184,5,184_5,29,949
185,1,185_1,7,262
185,2,185_2,13,509
185,3,185_3,17,790
185,4,185_4,26,1107
185,5,185_5,30,1313
160,1,160_1,9,198
160,2,160_2,13,326
160,3,160_3,19,541
160,4,160_4,25,819
160,5,160_5,31,1063
172,1,172_1,5,150
172,2,172_2,12,357
172,3,172_3,16,533
172,4,172_4,25,827
172,5,172_5,31,987
172,6,172_6,26,832
187,1,187_1,6,109
187,2,187_2,12,258
187,3,187_3,17,539
187,4,187_4,26,780
187,5,187_5,31,850
187,6,187_6,30,1045
186,1,186_1,9,734
186,2,186_2,14,882
186,3,186_3,20,1061
186,4,186_4,28,1581
186,5,186_5,33,2021
167,1,167_1,8,301
167,2,167_2,12,545
167,3,167_3,17,787
167,4,167_4,26,1175
167,5,167_5,31,1557
159,1,159_1,8,278
159,2,159_2,12,454
159,3,159_3,17,621
159,4,159_4,25,1005
159,5,159_5,30,1156
147,1,147_1,5,163
147,2,147_2,11,306
147,3,147_3,16,489
147,4,147_4,23,714
147,5,147_5,27,1005
193,1,193_1,6,129
193,2,193_2,13,309
193,3,193_3,18,439
193,4,193_4,24,626
193,5,193_5,28,785
193,6,193_6,29,817
190,1,190_1,6,130
190,2,190_2,12,214
190,3,190_3,17,413
190,4,190_4,24,609
190,5,190_5,27,784
191,1,191_1,6,130
191,2,191_2,12,214
191,3,191_3,17,413
191,4,191_4,24,609
191,5,191_5,27,784
192,1,192_1,8,200
192,2,192_2,13,356
192,3,192_3,17,475
192,4,192_4,23,672
192,5,192_5,28,798
197,1,197_1,7,214
197,2,197_2,13,401
197,3,197_3,18,759
197,4,197_4,26,1050
197,5,197_5,30,1190
183,1,183_1,6,179
183,2,183_2,12,314
183,3,183_3,19,621
183,4,183_4,26,948
183,5,183_5,32,1118
180,1,180_1,6,184
180,2,180_2,12,419
180,3,180_3,18,662
180,4,180_4,24,1017
180,5,180_5,28,1281
199,1,199_1,9,409
199,2,199_2,14,650
199,3,199_3,19,740
199,4,199_4,27,1174
199,5,199_5,33,1473
170,1,170_1,6,162
170,2,170_2,13,341
170,3,170_3,18,679
170,4,170_4,25,984
170,5,170_5,29,1154
104,1,104_1,6,200
104,2,104_2,12,311
104,3,104_3,17,499
104,4,104_4,25,735
104,5,104_5,29,913
169,1,169_1,7,326
169,2,169_2,14,561
169,3,169_3,17,816
169,4,169_4,24,1168
169,5,169_5,27,1400
169,6,169_6,27,1300
200,1,200_1,7,205
200,2,200_2,13,350
200,3,200_3,18,557
200,4,200_4,24,761
200,5,200_5,28,943
162,1,162_1,9,440
162,2,162_2,15,697
162,3,162_3,23,1129
162,4,162_4,31,1553
162,5,162_5,35,1948
163,1,163_1,9,531
163,2,163_2,15,820
163,3,163_3,23,894
163,4,163_4,31,1223
163,5,163_5,36,1593
164,1,164_1,9,520
164,2,164_2,15,701
164,3,164_3,23,1175
164,4,164_4,30,1545
164,5,164_5,35,1888
178,1,178_1,8,254
178,2,178_2,12,414
178,3,178_3,18,724
178,4,178_4,27,1026
178,5,178_5,31,1195
203,1,203_1,7,222
203,2,203_2,13,411
203,3,203_3,18,736
203,4,203_4,24,860
203,5,203_5,28,999
155,1,155_1,5,197
155,2,155_2,11,308
155,3,155_3,16,501
155,4,155_4,23,675
155,5,155_5,27,843
204,1,204_1,8,269
204,2,204_2,12,487
204,3,204_3,17,682
204,4,204_4,24,1035
204,5,204_5,28,1302
205,1,205_1,6,242
205,2,205_2,13,409
205,3,205_3,18,640
205,4,205_4,26,882
205,5,205_5,29,1083
206,1,206_1,9,394
206,2,206_2,14,587
206,3,206_3,19,875
206,4,206_4,28,1339
206,5,206_5,31,1415
181,1,181_1,5,205
181,2,181_2,12,377
181,3,181_3,16,509
181,4,181_4,25,928
181,5,181_5,28,1173
182,1,182_1,9,261
182,2,182_2,12,408
182,3,182_3,18,598
182,4,182_4,24,861
182,5,182_5,29,1083
182,6,182_6,30,1189
207,1,207_1,6,159
207,2,207_2,12,312
207,3,207_3,18,538
207,4,207_4,25,747
207,5,207_5,28,855
215,1,215_1,7,172
215,2,215_2,12,361
215,3,215_3,18,654
215,4,215_4,25,769
215,5,215_5,28,898
158,1,158_1,7,234
158,2,158_2,11,390
158,3,158_3,18,604
158,4,158_4,25,856
158,5,158_5,29,1180
188,1,188_1,6,273
188,2,188_2,12,400
188,3,188_3,18,638
188,4,188_4,24,909
188,5,188_5,28,1060
188,6,188_6,28,1318
208,1,208_1,7,281
208,2,208_2,12,406
208,3,208_3,18,635
208,4,208_4,25,920
208,5,208_5,28,1035
153,1,153_1,6,200
153,2,153_2,12,405
153,3,153_3,17,638
153,4,153_4,24,990
153,5,153_5,29,1106
209,1,209_1,5,149
209,2,209_2,11,254
209,3,209_3,16,409
209,4,209_4,23,580
209,5,209_5,26,685
174,1,174_1,6,206
174,2,174_2,12,323
174,3,174_3,17,595
174,4,174_4,24,863
174,5,174_5,28,1002
174,6,174_6,26,1015
210,1,210_1,9,260
210,2,210_2,12,489
210,3,210_3,18,733
210,4,210_4,25,976
210,5,210_5,29,1206
189,1,189_1,5,150
189,2,189_2,11,202
189,3,189_3,16,387
189,4,189_4,23,515
189,5,189_5,26,592
221,1,221_1,9,182
221,2,221_2,13,355
221,3,221_3,18,674
221,4,221_4,25,887
221,5,221_5,30,1104
220,1,220_1,9,419
220,2,220_2,14,581
220,3,220_3,18,745
220,4,220_4,25,1046
220,5,220_5,29,1328
220,6,220_6,33,1792
219,1,219_1,5,175
219,2,219_2,11,314
219,3,219_3,16,661
219,4,219_4,23,873
219,5,219_5,27,1062
216,1,216_1,7,218
216,2,216_2,13,457
216,3,216_3,18,616
216,4,216_4,25,950
216,5,216_5,29,1311
222,1,222_1,6,239
222,2,222_2,11,334
222,3,222_3,18,735
222,4,222_4,26,1042
222,5,222_5,30,1142
223,1,223_1,5,214
223,2,223_2,11,335
223,3,223_3,16,606
223,4,223_4,23,791
223,5,223_5,27,906
224,1,224_1,9,388
224,2,224_2,13,588
224,3,224_3,18,688
224,4,224_4,26,1088
224,5,224_5,29,1188
224,6,224_6,32,1388
227,1,227_1,7,264
227,2,227_2,14,484
227,3,227_3,18,795
227,4,227_4,27,1063
227,5,227_5,30,1163
227,6,227_6,33,1406
195,1,195_1,8,323
195,2,195_2,12,394
195,3,195_3,17,758
195,4,195_4,24,1032
195,5,195_5,29,1244
168,1,168_1,7,190
168,2,168_2,12,332
168,3,168_3,17,572
168,4,168_4,25,824
168,5,168_5,30,912
196,1,196_1,5,139
196,2,196_2,11,210
196,3,196_3,16,331
196,4,196_4,21,480
196,5,196_5,26,601
231,1,231_1,9,459
231,2,231_2,13,671
231,3,231_3,18,873
231,4,231_4,26,1196
231,5,231_5,31,1489
232,1,232_1,6,253
232,2,232_2,12,446
232,3,232_3,16,619
232,4,232_4,24,846
232,5,232_5,27,1058
233,1,233_1,7,276
233,2,233_2,12,416
233,3,233_3,17,623
233,4,233_4,25,849
233,5,233_5,31,1092
234,1,234_1,8,264
234,2,234_2,13,498
234,3,234_3,19,758
234,4,234_4,27,1065
234,5,234_5,31,1241
230,1,230_1,8,419
230,2,230_2,12,576
230,3,230_3,18,825
230,4,230_4,25,1186
230,5,230_5,30,1454
211,1,211_1,6,163
211,2,211_2,12,357
211,3,211_3,18,559
211,4,211_4,23,845
211,5,211_5,27,1062
238,1,238_1,7,250
238,2,238_2,12,377
238,3,238_3,16,548
238,4,238_4,24,695
238,5,238_5,27,930
194,1,194_1,7,200
194,2,194_2,12,397
194,3,194_3,16,630
194,4,194_4,23,908
194,5,194_5,27,966
194,6,194_6,26,1092
146,1,146_1,7,304
146,2,146_2,12,480
146,3,146_3,17,612
146,4,146_4,24,903
146,5,146_5,29,1206
239,1,239_1,5,190
239,2,239_2,12,347
239,3,239_3,18,660
239,4,239_4,25,1058
239,5,239_5,29,1159
201,1,201_1,6,179
201,2,201_2,13,300
201,3,201_3,18,645
201,4,201_4,25,900
201,5,201_5,29,1111
244,1,244_1,6,204
244,2,244_2,12,280
244,3,244_3,17,519
244,4,244_4,24,723
244,5,244_5,30,884
244,6,244_6,29,1049
245,1,245_1,6,203
245,2,245_2,13,365
245,3,245_3,18,588
245,4,245_4,23,802
245,5,245_5,29,918
248,1,248_1,9,261
248,2,248_2,13,451
248,3,248_3,19,744
248,4,248_4,26,1101
248,5,248_5,32,1343
248,6,248_6,31,1490
198,1,198_1,7,310
198,2,198_2,12,390
198,3,198_3,17,726
198,4,198_4,26,1017
198,5,198_5,30,1259
198,6,198_6,27,1233
213,1,213_1,7,288
213,2,213_2,12,449
213,3,213_3,18,699
213,4,213_4,25,1029
213,5,213_5,30,1299
213,6,213_6,27,1433
254,1,254_1,8,391
254,2,254_2,12,636
254,3,254_3,18,853
254,4,254_4,27,1324
254,5,254_5,31,1585
212,1,212_1,5,131
212,2,212_2,11,296
212,3,212_3,16,523
212,4,212_4,24,713
212,5,212_5,27,821
229,1,229_1,7,296
229,2,229_2,13,613
229,3,229_3,18,985
229,4,229_4,28,1349
229,5,229_5,32,1500
249,1,249_1,6,337
249,2,249_2,13,591
249,3,249_3,17,726
249,4,249_4,28,1379
249,5,249_5,33,1521
218,1,218_1,6,228
218,2,218_2,11,383
218,3,218_3,15,473
218,4,218_4,22,632
218,5,218_5,26,983
246,1,246_1,7,278
246,2,246_2,12,461
246,3,246_3,18,798
246,4,246_4,25,1208
246,5,246_5,29,1361
217,1,217_1,6,206
217,2,217_2,12,288
217,3,217_3,16,422
217,4,217_4,23,668
217,5,217_5,27,769
257,1,257_1,8,251
257,2,257_2,13,433
257,3,257_3,18,809
257,4,257_4,24,1035
257,5,257_5,30,1262
251,1,251_1,9,379
251,2,251_2,14,572
251,3,251_3,18,814
251,4,251_4,27,1222
251,5,251_5,31,1456
240,1,240_1,8,260
240,2,240_2,12,459
240,3,240_3,17,610
240,4,240_4,24,845
240,5,240_5,28,1068
264,1,264_1,8,233
264,2,264_2,13,311
264,3,264_3,17,524
264,4,264_4,25,796
264,5,264_5,30,880
226,1,226_1,9,422
226,2,226_2,13,690
226,3,226_3,18,868
226,4,226_4,25,1082
226,5,226_5,29,1271
266,1,266_1,7,197
266,2,266_2,12,349
266,3,266_3,17,792
266,4,266_4,25,976
266,5,266_5,29,1175
266,6,266_6,29,1249
274,1,274_1,6,248
274,2,274_2,12,367
274,3,274_3,17,712
274,4,274_4,24,897
274,5,274_5,29,1009
237,1,237_1,5,140
237,2,237_2,11,179
237,3,237_3,15,318
237,4,237_4,21,482
237,5,237_5,26,662
273,1,273_1,9,497
273,2,273_2,13,698
273,3,273_3,19,1087
273,4,273_4,27,1462
273,5,273_5,32,1628
236,1,236_1,8,358
236,2,236_2,13,674
236,3,236_3,18,810
236,4,236_4,25,1144
236,5,236_5,30,1237
272,1,272_1,6,233
272,2,272_2,13,352
272,3,272_3,18,702
272,4,272_4,25,1177
272,5,272_5,31,1253
272,6,272_6,31,1633
243,1,243_1,7,325
243,2,243_2,13,464
243,3,243_3,18,844
243,4,243_4,25,1126
243,5,243_5,30,1295
280,1,280_1,5,320
280,2,280_2,11,455
280,3,280_3,17,677
280,4,280_4,23,908
280,5,280_5,27,1112
280,6,280_6,30,1233
235,1,235_1,6,219
235,2,235_2,12,512
235,3,235_3,18,922
235,4,235_4,25,1285
235,5,235_5,29,1322
289,1,289_1,8,265
289,2,289_2,12,334
289,3,289_3,17,685
289,4,289_4,25,982
289,5,289_5,29,1131
288,1,288_1,9,331
288,2,288_2,13,474
288,3,288_3,19,872
288,4,288_4,26,1137
288,5,288_5,31,1353
277,1,277_1,7,220
277,2,277_2,13,473
277,3,277_3,18,842
277,4,277_4,24,1064
277,5,277_5,29,1244
256,1,256_1,6,211
256,2,256_2,11,338
256,3,256_3,16,678
256,4,256_4,23,936
256,5,256_5,27,1115
284,1,284_1,8,339
284,2,284_2,13,542
284,3,284_3,19,909
284,4,284_4,28,1385
284,5,284_5,32,1436
225,1,225_1,9,262
225,2,225_2,13,523
225,3,225_3,18,841
225,4,225_4,25,1041
225,5,225_5,31,1277
278,1,278_1,9,211
278,2,278_2,14,397
278,3,278_3,18,726
278,4,278_4,25,875
278,5,278_5,29,1018
242,1,242_1,6,291
242,2,242_2,11,360
242,3,242_3,17,514
242,4,242_4,23,753
242,5,242_5,27,852
279,1,279_1,6,166
279,2,279_2,12,371
279,3,279_3,18,683
279,4,279_4,24,898
279,5,279_5,28,1096
253,1,253_1,6,247
253,2,253_2,12,479
253,3,253_3,19,770
253,4,253_4,25,1102
253,5,253_5,29,1179
253,6,253_6,29,1352
285,1,285_1,8,429
285,2,285_2,14,575
285,3,285_3,19,1031
285,4,285_4,28,1342
285,5,285_5,34,1589
252,1,252_1,6,226
252,2,252_2,12,432
252,3,252_3,17,716
252,4,252_4,25,937
252,5,252_5,29,1172
270,1,270_1,5,141
270,2,270_2,11,249
270,3,270_3,17,535
270,4,270_4,22,646
270,5,270_5,26,761
292,1,292_1,5,123
292,2,292_2,11,262
292,3,292_3,15,379
292,4,292_4,22,595
292,5,292_5,26,715
262,1,262_1,5,182
262,2,262_2,11,409
262,3,262_3,17,684
262,4,262_4,24,962
262,5,262_5,28,1178
265,1,265_1,6,268
265,2,265_2,12,500
265,3,265_3,17,664
265,4,265_4,23,1019
265,5,265_5,28,1247
260,1,260_1,6,131
260,2,260_2,12,215
260,3,260_3,17,517
260,4,260_4,25,710
260,5,260_5,29,878
259,1,259_1,8,259
259,2,259_2,13,407
259,3,259_3,17,633
259,4,259_4,25,815
259,5,259_5,30,1019
304,1,304_1,8,207
304,2,304_2,13,321
304,3,304_3,18,631
304,4,304_4,26,910
304,5,304_5,31,1066
304,6,304_6,33,1572
275,1,275_1,6,160
275,2,275_2,13,446
275,3,275_3,18,810
275,4,275_4,24,916
275,5,275_5,28,1063
261,1,261_1,9,402
261,2,261_2,12,582
261,3,261_3,17,780
261,4,261_4,25,1183
261,5,261_5,30,1308
302,1,302_1,7,321
302,2,302_2,13,561
302,3,302_3,17,750
302,4,302_4,26,1067
302,5,302_5,30,1328
271,1,271_1,8,351
271,2,271_2,13,516
271,3,271_3,18,789
271,4,271_4,24,1026
271,5,271_5,29,1376
295,1,295_1,6,199
295,2,295_2,13,344
295,3,295_3,17,445
295,4,295_4,23,685
295,5,295_5,27,832
268,1,268_1,6,342
268,2,268_2,12,459
268,3,268_3,18,927
268,4,268_4,26,1071
268,5,268_5,31,1203
269,1,269_1,5,184
269,2,269_2,12,339
269,3,269_3,17,621
269,4,269_4,23,781
269,5,269_5,27,999
314,1,314_1,8,419
314,2,314_2,12,517
314,3,314_3,17,713
314,4,314_4,23,932
314,5,314_5,28,1105
267,1,267_1,8,304
267,2,267_2,13,455
267,3,267_3,17,724
267,4,267_4,23,1019
267,5,267_5,28,1186
267,6,267_6,28,1328
315,1,315_1,9,469
315,2,315_2,14,731
315,3,315_3,22,1175
315,4,315_4,31,1804
315,5,315_5,37,2362
250,1,250_1,9,404
250,2,250_2,14,793
250,3,250_3,21,979
250,4,250_4,30,1396
250,5,250_5,35,1763
255,1,255_1,6,317
255,2,255_2,12,501
255,3,255_3,16,679
255,4,255_4,24,1004
255,5,255_5,28,1190
298,1,298_1,8,315
298,2,298_2,13,634
298,3,298_3,18,865
298,4,298_4,25,1156
298,5,298_5,31,1463
296,1,296_1,6,202
296,2,296_2,12,426
296,3,296_3,17,644
296,4,296_4,24,870
296,5,296_5,29,1063
313,1,313_1,6,193
313,2,313_2,11,373
313,3,313_3,16,642
313,4,313_4,24,905
313,5,313_5,29,1121
281,1,281_1,7,299
281,2,281_2,12,563
281,3,281_3,18,788
281,4,281_4,25,1247
281,5,281_5,31,1465
294,1,294_1,5,141
294,2,294_2,11,263
294,3,294_3,16,460
294,4,294_4,22,615
294,5,294_5,26,814
303,1,303_1,9,323
303,2,303_2,12,632
303,3,303_3,18,855
303,4,303_4,25,1098
303,5,303_5,30,1409
291,1,291_1,9,397
291,2,291_2,13,630
291,3,291_3,18,937
291,4,291_4,26,1374
291,5,291_5,30,1397
291,6,291_6,31,1744
311,1,311_1,5,162
311,2,311_2,10,273
311,3,311_3,15,457
311,4,311_4,22,691
311,5,311_5,26,852
282,1,282_1,9,314
282,2,282_2,12,463
282,3,282_3,17,777
282,4,282_4,23,1057
282,5,282_5,29,1159
310,1,310_1,8,361
310,2,310_2,12,491
310,3,310_3,17,733
310,4,310_4,24,1011
310,5,310_5,29,1088
310,6,310_6,30,1396
297,1,297_1,6,214
297,2,297_2,12,391
297,3,297_3,18,646
297,4,297_4,24,739
297,5,297_5,29,872
228,1,228_1,6,275
228,2,228_2,12,286
228,3,228_3,17,562
228,4,228_4,23,734
228,5,228_5,26,860
327,1,327_1,8,413
327,2,327_2,12,549
327,3,327_3,18,939
327,4,327_4,27,1321
327,5,327_5,30,1441
328,1,328_1,9,497
328,2,328_2,14,574
328,3,328_3,20,951
328,4,328_4,29,1491
328,5,328_5,32,1626
326,1,326_1,6,312
326,2,326_2,12,476
326,3,326_3,18,885
326,4,326_4,24,1072
326,5,326_5,28,1340
247,1,247_1,5,202
247,2,247_2,11,272
247,3,247_3,16,478
247,4,247_4,23,752
247,5,247_5,26,997
283,1,283_1,8,422
283,2,283_2,14,552
283,3,283_3,17,997
283,4,283_4,25,1234
283,5,283_5,30,1495
293,1,293_1,5,131
293,2,293_2,11,261
293,3,293_3,17,605
293,4,293_4,23,861
293,5,293_5,28,943
306,1,306_1,6,240
306,2,306_2,11,347
306,3,306_3,17,714
306,4,306_4,24,887
306,5,306_5,28,1117
287,1,287_1,7,233
287,2,287_2,12,347
287,3,287_3,18,485
287,4,287_4,24,712
287,5,287_5,27,918
316,1,316_1,9,384
316,2,316_2,13,539
316,3,316_3,17,838
316,4,316_4,25,1120
316,5,316_5,28,1305
286,1,286_1,7,245
286,2,286_2,12,419
286,3,286_3,17,523
286,4,286_4,25,773
286,5,286_5,28,918
338,1,338_1,6,249
338,2,338_2,11,344
338,3,338_3,16,452
338,4,338_4,21,594
338,5,338_5,26,735
312,1,312_1,6,336
312,2,312_2,12,453
312,3,312_3,16,630
312,4,312_4,24,945
312,5,312_5,28,1090
305,1,305_1,5,183
305,2,305_2,12,298
305,3,305_3,16,489
305,4,305_4,23,726
305,5,305_5,28,866
214,1,214_1,5,189
214,2,214_2,11,294
214,3,214_3,17,656
214,4,214_4,25,900
214,5,214_5,28,966
202,1,202_1,5,218
202,2,202_2,12,395
202,3,202_3,17,574
202,4,202_4,24,907
202,5,202_5,28,998
329,1,329_1,9,451
329,2,329_2,15,596
329,3,329_3,23,1121
329,4,329_4,31,1539
329,5,329_5,37,2015
320,1,320_1,9,166
320,2,320_2,14,427
320,3,320_3,18,599
320,4,320_4,25,823
320,5,320_5,29,860
331,1,331_1,9,339
331,2,331_2,13,539
331,3,331_3,18,839
331,4,331_4,24,1139
331,5,331_5,29,1339
333,1,333_1,9,449
333,2,333_2,14,762
333,3,333_3,19,1067
333,4,333_4,26,1341
333,5,333_5,31,1497
299,1,299_1,8,316
299,2,299_2,14,612
299,3,299_3,18,923
299,4,299_4,26,1303
299,5,299_5,31,1548
332,1,332_1,5,154
332,2,332_2,11,221
332,3,332_3,16,406
332,4,332_4,23,596
332,5,332_5,26,625
263,1,263_1,5,132
263,2,263_2,11,266
263,3,263_3,16,414
263,4,263_4,23,596
263,5,263_5,28,690
321,1,321_1,8,396
321,2,321_2,14,691
321,3,321_3,17,878
321,4,321_4,25,1295
321,5,321_5,30,1455
300,1,300_1,5,169
300,2,300_2,13,251
300,3,300_3,18,694
300,4,300_4,25,779
300,5,300_5,30,937
335,1,335_1,9,400
335,2,335_2,13,483
335,3,335_3,19,693
335,4,335_4,27,1022
335,5,335_5,31,1181
334,1,334_1,8,309
334,2,334_2,13,401
334,3,334_3,19,761
334,4,334_4,27,992
334,5,334_5,31,1100
336,1,336_1,6,225
336,2,336_2,12,446
336,3,336_3,20,870
336,4,336_4,26,1121
336,5,336_5,29,1247
337,1,337_1,7,321
337,2,337_2,14,482
337,3,337_3,19,827
337,4,337_4,25,1160
337,5,337_5,30,1323
330,1,330_1,6,254
330,2,330_2,12,305
330,3,330_3,16,546
330,4,330_4,23,1006
330,5,330_5,26,1097
301,1,301_1,9,520
301,2,301_2,13,566
301,3,301_3,18,1184
301,4,301_4,27,1491
301,5,301_5,31,1638
343,1,343_1,6,217
343,2,343_2,12,403
343,3,343_3,18,726
343,4,343_4,24,1001
343,5,343_5,29,1243
258,1,258_1,6,272
258,2,258_2,12,449
258,3,258_3,16,620
258,4,258_4,23,867
258,5,258_5,27,994
317,1,317_1,9,374
317,2,317_2,12,431
317,3,317_3,18,744
317,4,317_4,25,1080
317,5,317_5,31,1271
351,1,351_1,6,255
351,2,351_2,13,493
351,3,351_3,18,712
351,4,351_4,22,879
351,5,351_5,26,1232
359,1,359_1,8,284
359,2,359_2,12,458
359,3,359_3,18,698
359,4,359_4,24,995
359,5,359_5,29,1099
307,1,307_1,8,276
307,2,307_2,13,413
307,3,307_3,18,861
307,4,307_4,27,1259
307,5,307_5,31,1394
322,1,322_1,6,287
322,2,322_2,12,403
322,3,322_3,17,682
322,4,322_4,24,1002
322,5,322_5,28,1089
352,1,352_1,6,221
352,2,352_2,14,356
352,3,352_3,18,708
352,4,352_4,25,1037
352,5,352_5,28,1092
308,1,308_1,7,359
308,2,308_2,13,476
308,3,308_3,19,713
308,4,308_4,26,1073
308,5,308_5,31,1187
353,1,353_1,6,165
353,2,353_2,13,298
353,3,353_3,20,706
353,4,353_4,28,982
353,5,353_5,31,982
323,1,323_1,7,415
323,2,323_2,13,582
323,3,323_3,17,959
323,4,323_4,25,1286
323,5,323_5,29,1533
349,1,349_1,7,172
349,2,349_2,13,325
349,3,349_3,19,565
349,4,349_4,26,791
349,5,349_5,29,851
350,1,350_1,6,191
350,2,350_2,12,304
350,3,350_3,18,609
350,4,350_4,24,904
350,5,350_5,27,1003
347,1,347_1,8,216
347,2,347_2,12,510
347,3,347_3,16,688
347,4,347_4,24,842
347,5,347_5,28,1007
348,1,348_1,6,177
348,2,348_2,12,340
348,3,348_3,17,555
348,4,348_4,24,777
348,5,348_5,28,983
318,1,318_1,6,252
318,2,318_2,11,384
318,3,318_3,17,712
318,4,318_4,23,937
318,5,318_5,27,1122
354,1,354_1,6,418
354,2,354_2,12,524
354,3,354_3,20,938
354,4,354_4,27,1275
354,5,354_5,32,1370
276,1,276_1,6,322
276,2,276_2,13,467
276,3,276_3,18,844
276,4,276_4,25,942
276,5,276_5,30,1187
364,1,364_1,8,397
364,2,364_2,14,712
364,3,364_3,19,1004
364,4,364_4,27,1272
364,5,364_5,30,1364
342,1,342_1,6,272
342,2,342_2,12,448
342,3,342_3,17,688
342,4,342_4,25,1046
342,5,342_5,29,1163
324,1,324_1,6,255
324,2,324_2,12,387
324,3,324_3,17,638
324,4,324_4,23,862
324,5,324_5,27,981
370,1,370_1,9,459
370,2,370_2,14,630
370,3,370_3,23,1057
370,4,370_4,31,1441
370,5,370_5,37,2242
362,1,362_1,6,254
362,2,362_2,11,412
362,3,362_3,18,524
362,4,362_4,24,888
362,5,362_5,28,1013
373,1,373_1,8,407
373,2,373_2,12,457
373,3,373_3,18,908
373,4,373_4,25,1228
373,5,373_5,30,1245
346,1,346_1,8,271
346,2,346_2,13,460
346,3,346_3,18,870
346,4,346_4,24,1125
346,5,346_5,29,1374
380,1,380_1,7,372
380,2,380_2,13,554
380,3,380_3,20,922
380,4,380_4,26,1215
380,5,380_5,30,1366
374,1,374_1,8,255
374,2,374_2,12,380
374,3,374_3,18,612
374,4,374_4,24,803
374,5,374_5,30,1090
339,1,339_1,5,294
339,2,339_2,11,359
339,3,339_3,17,644
339,4,339_4,22,875
339,5,339_5,26,987
339,6,339_6,25,855
340,1,340_1,9,372
340,2,340_2,12,524
340,3,340_3,18,889
340,4,340_4,24,1273
340,5,340_5,29,1491
363,1,363_1,6,195
363,2,363_2,11,393
363,3,363_3,16,565
363,4,363_4,24,971
363,5,363_5,29,1062
361,1,361_1,9,351
361,2,361_2,14,427
361,3,361_3,20,768
361,4,361_4,27,1141
361,5,361_5,31,1148
309,1,309_1,8,265
309,2,309_2,11,330
309,3,309_3,16,453
309,4,309_4,23,727
309,5,309_5,27,844
360,1,360_1,7,257
360,2,360_2,13,489
360,3,360_3,17,651
360,4,360_4,23,1018
360,5,360_5,28,1188
382,1,382_1,6,110
382,2,382_2,11,218
382,3,382_3,17,357
382,4,382_4,23,575
382,5,382_5,28,696
345,1,345_1,8,364
345,2,345_2,11,384
345,3,345_3,17,729
345,4,345_4,24,983
345,5,345_5,28,984
375,1,375_1,7,178
375,2,375_2,12,301
375,3,375_3,18,544
375,4,375_4,24,753
375,5,375_5,28,821
375,6,375_6,27,1035
344,1,344_1,9,448
344,2,344_2,13,534
344,3,344_3,18,1005
344,4,344_4,27,1189
344,5,344_5,31,1269
319,1,319_1,6,212
319,2,319_2,11,334
319,3,319_3,16,618
319,4,319_4,24,839
319,5,319_5,30,1057
400,1,400_1,6,139
400,2,400_2,12,252
400,3,400_3,17,504
400,4,400_4,24,797
400,5,400_5,28,810
381,1,381_1,6,286
381,2,381_2,13,526
381,3,381_3,19,943
381,4,381_4,27,1285
381,5,381_5,31,1298
379,1,379_1,7,320
379,2,379_2,13,588
379,3,379_3,19,947
379,4,379_4,27,1407
379,5,379_5,31,1522
399,1,399_1,6,292
399,2,399_2,13,465
399,3,399_3,19,739
399,4,399_4,26,950
399,5,399_5,30,1115
395,1,395_1,9,337
395,2,395_2,13,528
395,3,395_3,19,815
395,4,395_4,24,1107
395,5,395_5,28,1404
356,1,356_1,7,204
356,2,356_2,13,241
356,3,356_3,19,465
356,4,356_4,25,744
356,5,356_5,29,851
386,1,386_1,7,269
386,2,386_2,11,394
386,3,386_3,16,909
386,4,386_4,23,909
386,5,386_5,27,909
394,1,394_1,5,142
394,2,394_2,11,232
394,3,394_3,16,450
394,4,394_4,24,640
394,5,394_5,28,759
358,1,358_1,5,136
358,2,358_2,12,234
358,3,358_3,16,456
358,4,358_4,22,676
358,5,358_5,26,832
357,1,357_1,8,320
357,2,357_2,13,478
357,3,357_3,19,962
357,4,357_4,26,1287
357,5,357_5,30,1357
414,1,414_1,8,339
414,2,414_2,13,390
414,3,414_3,19,751
414,4,414_4,26,1194
414,5,414_5,31,1278
408,1,408_1,6,290
408,2,408_2,13,428
408,3,408_3,19,754
408,4,408_4,27,1083
408,5,408_5,32,1239
355,1,355_1,9,536
355,2,355_2,14,695
355,3,355_3,17,908
355,4,355_4,24,1273
355,5,355_5,29,1478
393,1,393_1,6,215
393,2,393_2,12,366
393,3,393_3,18,598
393,4,393_4,24,894
393,5,393_5,28,1096
415,1,415_1,6,165
415,2,415_2,11,220
415,3,415_3,17,505
415,4,415_4,24,802
415,5,415_5,28,919
366,1,366_1,8,326
366,2,366_2,13,446
366,3,366_3,19,629
366,4,366_4,25,939
366,5,366_5,29,988
366,6,366_6,32,1365
368,1,368_1,6,328
368,2,368_2,13,489
368,3,368_3,19,764
368,4,368_4,25,1058
368,5,368_5,29,1189
372,1,372_1,9,532
372,2,372_2,13,642
372,3,372_3,18,1126
372,4,372_4,25,1396
372,5,372_5,29,1554
401,1,401_1,7,211
401,2,401_2,13,428
401,3,401_3,19,689
401,4,401_4,25,893
401,5,401_5,29,1014
369,1,369_1,6,273
369,2,369_2,13,369
369,3,369_3,16,610
369,4,369_4,24,917
369,5,369_5,27,1100
325,1,325_1,5,129
325,2,325_2,12,259
325,3,325_3,17,432
325,4,325_4,24,705
325,5,325_5,28,778
365,1,365_1,8,358
365,2,365_2,12,543
365,3,365_3,16,687
365,4,365_4,23,1081
365,5,365_5,27,1262
412,1,412_1,7,297
412,2,412_2,12,562
412,3,412_3,19,631
412,4,412_4,26,854
412,5,412_5,29,879
367,1,367_1,6,297
367,2,367_2,12,419
367,3,367_3,18,683
367,4,367_4,26,1081
367,5,367_5,31,1223
403,1,403_1,6,133
403,2,403_2,12,336
403,3,403_3,17,512
403,4,403_4,24,716
403,5,403_5,27,892
385,1,385_1,6,266
385,2,385_2,13,352
385,3,385_3,18,781
385,4,385_4,25,1035
385,5,385_5,29,1162
390,1,390_1,6,268
390,2,390_2,12,435
390,3,390_3,17,751
390,4,390_4,23,1032
390,5,390_5,28,1233
421,1,421_1,5,149
421,2,421_2,13,340
421,3,421_3,19,434
421,4,421_4,24,615
421,5,421_5,28,728
425,1,425_1,7,405
425,2,425_2,13,544
425,3,425_3,19,874
425,4,425_4,25,1159
425,5,425_5,29,1250
377,1,377_1,6,276
377,2,377_2,12,413
377,3,377_3,18,679
377,4,377_4,25,998
377,5,377_5,29,1188
376,1,376_1,6,171
376,2,376_2,11,374
376,3,376_3,18,683
376,4,376_4,26,1040
376,5,376_5,30,1188
383,1,383_1,6,179
383,2,383_2,12,297
383,3,383_3,18,538
383,4,383_4,24,720
383,5,383_5,28,812
429,1,429_1,6,208
429,2,429_2,13,348
429,3,429_3,18,576
429,4,429_4,24,851
429,5,429_5,29,983
384,1,384_1,8,150
384,2,384_2,13,219
384,3,384_3,17,408
384,4,384_4,22,520
384,5,384_5,26,619
392,1,392_1,6,228
392,2,392_2,14,450
392,3,392_3,20,798
392,4,392_4,27,1095
392,5,392_5,30,1184
406,1,406_1,9,266
406,2,406_2,14,369
406,3,406_3,21,723
406,4,406_4,27,827
406,5,406_5,31,951
426,1,426_1,6,234
426,2,426_2,12,245
426,3,426_3,18,503
426,4,426_4,23,712
426,5,426_5,27,859
391,1,391_1,7,317
391,2,391_2,13,416
391,3,391_3,17,590
391,4,391_4,26,1006
391,5,391_5,30,1208
397,1,397_1,6,252
397,2,397_2,13,345
397,3,397_3,18,648
397,4,397_4,25,864
397,5,397_5,29,952
413,1,413_1,8,311
413,2,413_2,14,401
413,3,413_3,19,709
413,4,413_4,26,812
413,5,413_5,30,1131
398,1,398_1,7,153
398,2,398_2,13,313
398,3,398_3,17,539
398,4,398_4,25,737
398,5,398_5,28,900
440,1,440_1,9,395
440,2,440_2,14,544
440,3,440_3,18,756
440,4,440_4,25,1091
440,5,440_5,30,1220
341,1,341_1,7,305
341,2,341_2,12,394
341,3,341_3,17,737
341,4,341_4,25,1028
341,5,341_5,30,1234
446,1,446_1,5,231
446,2,446_2,12,369
446,3,446_3,18,707
446,4,446_4,26,1113
446,5,446_5,30,1253
378,1,378_1,8,313
378,2,378_2,13,461
378,3,378_3,18,702
378,4,378_4,26,1054
378,5,378_5,30,1418
407,1,407_1,8,300
407,2,407_2,12,394
407,3,407_3,17,649
407,4,407_4,25,822
407,5,407_5,29,995
409,1,409_1,5,125
409,2,409_2,11,225
409,3,409_3,17,525
409,4,409_4,22,625
409,5,409_5,25,725
418,1,418_1,6,149
418,2,418_2,12,292
418,3,418_3,17,556
418,4,418_4,26,814
418,5,418_5,29,899
439,1,439_1,8,414
439,2,439_2,13,410
439,3,439_3,18,804
439,4,439_4,25,941
439,5,439_5,30,1141
439,6,439_6,31,1496
432,1,432_1,6,155
432,2,432_2,13,361
432,3,432_3,17,478
432,4,432_4,24,714
432,5,432_5,28,955
433,1,433_1,9,217
433,2,433_2,13,382
433,3,433_3,18,655
433,4,433_4,27,1053
433,5,433_5,31,1116
402,1,402_1,7,307
402,2,402_2,13,505
402,3,402_3,17,675
402,4,402_4,23,969
402,5,402_5,28,1251
430,1,430_1,6,204
430,2,430_2,13,338
430,3,430_3,18,495
430,4,430_4,24,742
430,5,430_5,28,1071
417,1,417_1,7,147
417,2,417_2,13,277
417,3,417_3,18,581
417,4,417_4,24,769
417,5,417_5,29,945
438,1,438_1,7,237
438,2,438_2,12,321
438,3,438_3,17,532
438,4,438_4,24,764
438,5,438_5,28,898
447,1,447_1,9,329
447,2,447_2,12,479
447,3,447_3,21,861
447,4,447_4,30,1392
447,5,447_5,32,1486
447,6,447_6,35,1794
405,1,405_1,6,241
405,2,405_2,11,298
405,3,405_3,16,556
405,4,405_4,23,881
405,5,405_5,27,1067
448,1,448_1,9,408
448,2,448_2,13,595
448,3,448_3,21,956
448,4,448_4,29,1259
448,5,448_5,32,1352
448,6,448_6,36,1812
444,1,444_1,7,256
444,2,444_2,12,396
444,3,444_3,19,879
444,4,444_4,27,1221
444,5,444_5,31,1383
452,1,452_1,7,236
452,2,452_2,13,370
452,3,452_3,19,699
452,4,452_4,27,917
452,5,452_5,30,1014
449,1,449_1,9,579
449,2,449_2,14,729
449,3,449_3,21,1109
449,4,449_4,30,1437
449,5,449_5,33,1460
449,6,449_6,37,2500
410,1,410_1,9,296
410,2,410_2,14,352
410,3,410_3,18,522
410,4,410_4,26,694
410,5,410_5,29,895
437,1,437_1,8,189
437,2,437_2,12,378
437,3,437_3,18,521
437,4,437_4,25,838
437,5,437_5,30,1028
435,1,435_1,7,317
435,2,435_2,13,440
435,3,435_3,18,738
435,4,435_4,26,960
435,5,435_5,30,1203
461,1,461_1,6,279
461,2,461_2,13,452
461,3,461_3,18,885
461,4,461_4,24,1266
461,5,461_5,29,1339
411,1,411_1,7,228
411,2,411_2,13,356
411,3,411_3,20,679
411,4,411_4,27,850
411,5,411_5,31,1072
463,1,463_1,5,178
463,2,463_2,12,266
463,3,463_3,17,507
463,4,463_4,23,645
463,5,463_5,26,817
468,1,468_1,8,308
468,2,468_2,14,585
468,3,468_3,20,797
468,4,468_4,27,1162
468,5,468_5,31,1470
416,1,416_1,8,295
416,2,416_2,13,384
416,3,416_3,19,608
416,4,416_4,26,900
416,5,416_5,31,958
423,1,423_1,6,296
423,2,423_2,12,387
423,3,423_3,18,680
423,4,423_4,26,949
423,5,423_5,29,1014
423,6,423_6,30,1268
436,1,436_1,6,174
436,2,436_2,12,409
436,3,436_3,18,615
436,4,436_4,24,823
436,5,436_5,28,974
422,1,422_1,7,217
422,2,422_2,12,340
422,3,422_3,17,598
422,4,422_4,24,858
422,5,422_5,28,863
469,1,469_1,6,196
469,2,469_2,13,393
469,3,469_3,16,503
469,4,469_4,23,705
469,5,469_5,27,920
469,6,469_6,25,1038
424,1,424_1,8,351
424,2,424_2,12,479
424,3,424_3,16,701
424,4,424_4,24,868
424,5,424_5,28,868
455,1,455_1,5,141
455,2,455_2,12,229
455,3,455_3,18,597
455,4,455_4,25,844
455,5,455_5,28,817
481,1,481_1,7,211
481,2,481_2,12,331
481,3,481_3,18,557
481,4,481_4,23,728
481,5,481_5,28,938
470,1,470_1,5,139
470,2,470_2,12,239
470,3,470_3,16,339
470,4,470_4,23,539
470,5,470_5,26,639
431,1,431_1,6,236
431,2,431_2,12,294
431,3,431_3,18,543
431,4,431_4,23,694
431,5,431_5,27,893
483,1,483_1,6,157
483,2,483_2,12,291
483,3,483_3,19,475
483,4,483_4,24,664
483,5,483_5,29,857
427,1,427_1,8,165
427,2,427_2,13,285
427,3,427_3,18,567
427,4,427_4,25,718
427,5,427_5,29,877
465,1,465_1,9,441
465,2,465_2,15,555
465,3,465_3,24,994
465,4,465_4,31,1266
465,5,465_5,33,1456
465,6,465_6,36,1972
434,1,434_1,5,106
434,2,434_2,13,236
434,3,434_3,18,500
434,4,434_4,23,673
434,5,434_5,28,757
456,1,456_1,6,245
456,2,456_2,14,316
456,3,456_3,19,610
456,4,456_4,26,892
456,5,456_5,29,998
404,1,404_1,5,149
404,2,404_2,12,331
404,3,404_3,16,524
404,4,404_4,23,812
404,5,404_5,27,781
454,1,454_1,7,198
454,2,454_2,12,417
454,3,454_3,17,663
454,4,454_4,24,927
454,5,454_5,29,1176
462,1,462_1,7,318
462,2,462_2,13,418
462,3,462_3,18,718
462,4,462_4,26,1018
462,5,462_5,29,1105
467,1,467_1,6,174
467,2,467_2,12,308
467,3,467_3,16,581
467,4,467_4,25,950
467,5,467_5,29,1064
466,1,466_1,6,192
466,2,466_2,12,304
466,3,466_3,16,504
466,4,466_4,25,774
466,5,466_5,28,904
485,1,485_1,7,196
485,2,485_2,13,419
485,3,485_3,18,521
485,4,485_4,24,851
485,5,485_5,28,918
492,1,492_1,6,242
492,2,492_2,12,289
492,3,492_3,18,506
492,4,492_4,24,823
492,5,492_5,28,918
441,1,441_1,6,163
441,2,441_2,13,240
441,3,441_3,18,612
441,4,441_4,24,865
441,5,441_5,28,1048
441,6,441_6,29,1120
486,1,486_1,9,337
486,2,486_2,15,501
486,3,486_3,23,1054
486,4,486_4,31,1387
486,5,486_5,34,1637
486,6,486_6,37,2050
496,1,496_1,8,275
496,2,496_2,13,484
496,3,496_3,19,735
496,4,496_4,26,1113
496,5,496_5,32,1178
442,1,442_1,6,139
442,2,442_2,11,169
442,3,442_3,16,360
442,4,442_4,23,521
442,5,442_5,26,595
497,1,497_1,6,305
497,2,497_2,12,354
497,3,497_3,16,574
497,4,497_4,23,786
497,5,497_5,27,948
503,1,503_1,9,401
503,2,503_2,14,448
503,3,503_3,20,857
503,4,503_4,28,1175
503,5,503_5,32,1270
503,6,503_6,35,1914
501,1,501_1,7,250
501,2,501_2,11,477
501,3,501_3,18,679
501,4,501_4,24,883
501,5,501_5,29,1181
501,6,501_6,31,1328
502,1,502_1,8,295
502,2,502_2,13,517
502,3,502_3,19,994
502,4,502_4,26,1168
502,5,502_5,30,1318
502,6,502_6,32,1564
480,1,480_1,7,262
480,2,480_2,13,425
480,3,480_3,18,656
480,4,480_4,24,933
480,5,480_5,30,1171
428,1,428_1,8,228
428,2,428_2,13,369
428,3,428_3,19,587
428,4,428_4,27,1016
428,5,428_5,31,1234
396,1,396_1,9,210
396,2,396_2,13,488
396,3,396_3,18,859
396,4,396_4,28,1172
396,5,396_5,31,1449
396,6,396_6,34,2024
451,1,451_1,8,194
451,2,451_2,13,428
451,3,451_3,18,696
451,4,451_4,27,978
451,5,451_5,32,1197
504,1,504_1,7,180
504,2,504_2,14,385
504,3,504_3,20,749
504,4,504_4,26,1016
504,5,504_5,31,1119
482,1,482_1,8,285
482,2,482_2,13,419
482,3,482_3,19,706
482,4,482_4,26,917
482,5,482_5,30,976
450,1,450_1,9,303
450,2,450_2,13,478
450,3,450_3,19,725
450,4,450_4,26,986
450,5,450_5,30,1198
450,6,450_6,31,1403
458,1,458_1,6,195
458,2,458_2,12,317
458,3,458_3,17,711
458,4,458_4,24,831
458,5,458_5,28,954
493,1,493_1,6,221
493,2,493_2,13,290
493,3,493_3,17,623
493,4,493_4,24,793
493,5,493_5,28,1033
457,1,457_1,5,193
457,2,457_2,13,281
457,3,457_3,17,504
457,4,457_4,24,750
457,5,457_5,28,890
457,6,457_6,27,1016
507,1,507_1,6,181
507,2,507_2,12,288
507,3,507_3,17,549
507,4,507_4,24,813
507,5,507_5,29,877
507,6,507_6,30,1126
512,1,512_1,7,367
512,2,512_2,12,467
512,3,512_3,19,764
512,4,512_4,25,969
512,5,512_5,30,1094
460,1,460_1,6,154
460,2,460_2,12,265
460,3,460_3,17,508
460,4,460_4,24,763
460,5,460_5,28,940
494,1,494_1,8,224
494,2,494_2,13,392
494,3,494_3,19,715
494,4,494_4,26,1140
494,5,494_5,31,1323
471,1,471_1,6,134
471,2,471_2,12,238
471,3,471_3,18,500
471,4,471_4,25,651
471,5,471_5,28,769
487,1,487_1,9,474
487,2,487_2,15,530
487,3,487_3,23,1073
487,4,487_4,31,1495
487,5,487_5,34,1674
487,6,487_6,37,2555
472,1,472_1,8,402
472,2,472_2,14,462
472,3,472_3,18,724
472,4,472_4,25,1022
472,5,472_5,31,1199
443,1,443_1,8,349
443,2,443_2,13,428
443,3,443_3,17,656
443,4,443_4,24,1009
443,5,443_5,28,1048
517,1,517_1,5,218
517,2,517_2,12,375
517,3,517_3,18,609
517,4,517_4,26,874
517,5,517_5,29,1024
473,1,473_1,7,254
473,2,473_2,13,336
473,3,473_3,17,678
473,4,473_4,24,764
473,5,473_5,28,1023
515,1,515_1,7,284
515,2,515_2,14,497
515,3,515_3,20,648
515,4,515_4,25,892
515,5,515_5,31,1226
516,1,516_1,5,166
516,2,516_2,11,221
516,3,516_3,16,433
516,4,516_4,22,693
516,5,516_5,30,829
474,1,474_1,8,286
474,2,474_2,13,344
474,3,474_3,19,628
474,4,474_4,27,825
474,5,474_5,31,1013
474,6,474_6,33,1267
522,1,522_1,6,174
522,2,522_2,12,244
522,3,522_3,17,497
522,4,522_4,24,794
522,5,522_5,28,837
526,1,526_1,5,137
526,2,526_2,11,189
526,3,526_3,16,469
526,4,526_4,21,688
526,5,526_5,26,699
519,1,519_1,5,176
519,2,519_2,13,321
519,3,519_3,16,388
519,4,519_4,23,695
519,5,519_5,28,787
506,1,506_1,8,239
506,2,506_2,13,521
506,3,506_3,18,776
506,4,506_4,25,1164
506,5,506_5,29,1385
525,1,525_1,6,239
525,2,525_2,13,439
525,3,525_3,18,639
525,4,525_4,25,1039
525,5,525_5,30,1139
475,1,475_1,8,211
475,2,475_2,13,355
475,3,475_3,18,735
475,4,475_4,26,930
475,5,475_5,31,1074
495,1,495_1,6,172
495,2,495_2,13,338
495,3,495_3,20,728
495,4,495_4,25,904
495,5,495_5,29,909
529,1,529_1,7,169
529,2,529_2,13,327
529,3,529_3,17,512
529,4,529_4,25,797
529,5,529_5,28,1037
532,1,532_1,5,112
532,2,532_2,11,213
532,3,532_3,16,391
532,4,532_4,21,563
532,5,532_5,27,679
524,1,524_1,8,171
524,2,524_2,13,300
524,3,524_3,18,609
524,4,524_4,26,705
524,5,524_5,30,814
527,1,527_1,5,156
527,2,527_2,12,275
527,3,527_3,17,553
527,4,527_4,23,714
527,5,527_5,28,897
489,1,489_1,8,329
489,2,489_2,13,400
489,3,489_3,16,674
489,4,489_4,23,871
489,5,489_5,29,925
489,6,489_6,31,1207
477,1,477_1,6,223
477,2,477_2,13,417
477,3,477_3,17,634
477,4,477_4,24,871
477,5,477_5,29,876
531,1,531_1,8,271
531,2,531_2,13,440
531,3,531_3,20,761
531,4,531_4,26,1218
531,5,531_5,31,1451
511,1,511_1,8,214
511,2,511_2,13,455
511,3,511_3,18,755
511,4,511_4,25,855
511,5,511_5,29,1155
541,1,541_1,8,322
541,2,541_2,12,388
541,3,541_3,17,655
541,4,541_4,25,951
541,5,541_5,29,1043
505,1,505_1,6,162
505,2,505_2,13,279
505,3,505_3,17,461
505,4,505_4,25,809
505,5,505_5,29,836
523,1,523_1,7,307
523,2,523_2,13,407
523,3,523_3,16,591
523,4,523_4,24,896
523,5,523_5,28,1115
533,1,533_1,6,208
533,2,533_2,12,307
533,3,533_3,20,641
533,4,533_4,25,851
533,5,533_5,29,879
542,1,542_1,6,221
542,2,542_2,13,321
542,3,542_3,17,621
542,4,542_4,25,921
542,5,542_5,31,1021
476,1,476_1,6,128
476,2,476_2,12,306
476,3,476_3,16,422
476,4,476_4,23,601
476,5,476_5,27,783
543,1,543_1,9,461
543,2,543_2,14,617
543,3,543_3,20,871
543,4,543_4,29,1299
543,5,543_5,33,1493
543,6,543_6,36,2357
549,1,549_1,8,282
549,2,549_2,13,346
549,3,549_3,18,579
549,4,549_4,27,875
549,5,549_5,31,1003
530,1,530_1,7,274
530,2,530_2,12,427
530,3,530_3,17,602
530,4,530_4,24,895
530,5,530_5,28,1107
488,1,488_1,9,579
488,2,488_2,15,778
488,3,488_3,23,1324
488,4,488_4,31,1637
488,5,488_5,34,1771
488,6,488_6,37,2117
545,1,545_1,7,239
545,2,545_2,12,297
545,3,545_3,17,489
545,4,545_4,23,901
545,5,545_5,27,975
478,1,478_1,7,193
478,2,478_2,13,312
478,3,478_3,17,515
478,4,478_4,25,698
478,5,478_5,29,930
546,1,546_1,9,263
546,2,546_2,13,382
546,3,546_3,18,686
546,4,546_4,25,952
546,5,546_5,29,958
544,1,544_1,7,312
544,2,544_2,12,410
544,3,544_3,17,577
544,4,544_4,25,828
544,5,544_5,30,1134
491,1,491_1,7,204
491,2,491_2,12,323
491,3,491_3,17,624
491,4,491_4,25,934
491,5,491_5,30,1053
548,1,548_1,6,230
548,2,548_2,13,350
548,3,548_3,17,486
548,4,548_4,24,792
548,5,548_5,28,876
548,6,548_6,27,989
553,1,553_1,6,212
553,2,553_2,12,293
553,3,553_3,18,689
553,4,553_4,27,963
553,5,553_5,31,1024
518,1,518_1,7,303
518,2,518_2,12,435
518,3,518_3,17,771
518,4,518_4,24,984
518,5,518_5,30,1114
500,1,500_1,5,152
500,2,500_2,11,217
500,3,500_3,15,389
500,4,500_4,21,599
500,5,500_5,25,613
569,1,569_1,8,262
569,2,569_2,13,474
569,3,569_3,18,672
569,4,569_4,26,894
569,5,569_5,30,1019
498,1,498_1,8,206
498,2,498_2,13,369
498,3,498_3,17,538
498,4,498_4,25,742
498,5,498_5,29,957
557,1,557_1,6,145
557,2,557_2,12,231
557,3,557_3,17,520
557,4,557_4,26,780
557,5,557_5,29,895
573,1,573_1,7,357
573,2,573_2,12,439
573,3,573_3,17,758
573,4,573_4,24,972
573,5,573_5,28,1111
499,1,499_1,9,400
499,2,499_2,14,507
499,3,499_3,19,683
499,4,499_4,25,962
499,5,499_5,30,1189
499,6,499_6,33,1615
562,1,562_1,8,291
562,2,562_2,12,382
562,3,562_3,19,652
562,4,562_4,27,917
562,5,562_5,31,1187
562,6,562_6,33,1503
561,1,561_1,6,227
561,2,561_2,12,317
561,3,561_3,18,562
561,4,561_4,26,913
561,5,561_5,32,1057
561,6,561_6,34,1404
513,1,513_1,6,158
513,2,513_2,11,300
513,3,513_3,17,417
513,4,513_4,24,789
513,5,513_5,28,1101
554,1,554_1,7,248
554,2,554_2,13,416
554,3,554_3,19,798
554,4,554_4,26,961
554,5,554_5,32,1142
554,6,554_6,33,1429
534,1,534_1,8,356
534,2,534_2,14,512
534,3,534_3,18,724
534,4,534_4,25,895
534,5,534_5,30,1155
558,1,558_1,6,229
558,2,558_2,12,377
558,3,558_3,18,592
558,4,558_4,25,918
558,5,558_5,30,927
558,6,558_6,33,1346
556,1,556_1,6,190
556,2,556_2,12,465
556,3,556_3,17,675
556,4,556_4,23,840
556,5,556_5,28,999
484,1,484_1,7,227
484,2,484_2,12,366
484,3,484_3,18,572
484,4,484_4,25,916
484,5,484_5,29,1057
581,1,581_1,9,284
581,2,581_2,13,438
581,3,581_3,19,730
581,4,581_4,27,1118
581,5,581_5,32,1355
508,1,508_1,7,234
508,2,508_2,12,312
508,3,508_3,19,595
508,4,508_4,26,875
508,5,508_5,30,977
565,1,565_1,6,151
565,2,565_2,13,288
565,3,565_3,17,553
565,4,565_4,24,691
565,5,565_5,28,788
566,1,566_1,8,204
566,2,566_2,13,317
566,3,566_3,18,738
566,4,566_4,24,820
566,5,566_5,30,1003
567,1,567_1,7,330
567,2,567_2,13,502
567,3,567_3,18,656
567,4,567_4,24,826
567,5,567_5,29,903
576,1,576_1,6,136
576,2,576_2,12,252
576,3,576_3,18,483
576,4,576_4,25,606
576,5,576_5,29,680
564,1,564_1,6,227
564,2,564_2,12,228
564,3,564_3,16,301
564,4,564_4,22,403
564,5,564_5,27,408
579,1,579_1,7,246
579,2,579_2,13,329
579,3,579_3,18,794
579,4,579_4,24,924
579,5,579_5,28,1060
575,1,575_1,8,155
575,2,575_2,13,322
575,3,575_3,17,476
575,4,575_4,25,622
575,5,575_5,29,744
547,1,547_1,6,147
547,2,547_2,12,278
547,3,547_3,18,522
547,4,547_4,25,721
547,5,547_5,29,816
577,1,577_1,5,121
577,2,577_2,12,216
577,3,577_3,17,360
577,4,577_4,24,594
577,5,577_5,28,667
574,1,574_1,8,246
574,2,574_2,13,334
574,3,574_3,18,557
574,4,574_4,25,705
574,5,574_5,29,784
593,1,593_1,6,249
593,2,593_2,12,278
593,3,593_3,17,507
593,4,593_4,23,694
593,5,593_5,26,773
578,1,578_1,7,187
578,2,578_2,12,320
578,3,578_3,17,451
578,4,578_4,24,621
578,5,578_5,28,759
582,1,582_1,6,192
582,2,582_2,12,247
582,3,582_3,17,453
582,4,582_4,24,610
582,5,582_5,28,820
587,1,587_1,9,271
587,2,587_2,14,480
587,3,587_3,18,850
587,4,587_4,27,1143
587,5,587_5,31,1296
555,1,555_1,8,297
555,2,555_2,13,436
555,3,555_3,18,808
555,4,555_4,27,1056
555,5,555_5,30,1184
555,6,555_6,34,1555
490,1,490_1,6,214
490,2,490_2,12,355
490,3,490_3,16,561
490,4,490_4,24,863
490,5,490_5,28,1015
536,1,536_1,8,238
536,2,536_2,13,403
536,3,536_3,17,568
536,4,536_4,25,734
536,5,536_5,29,863
580,1,580_1,7,186
580,2,580_2,12,325
580,3,580_3,17,547
580,4,580_4,25,891
580,5,580_5,28,969
521,1,521_1,9,247
521,2,521_2,14,369
521,3,521_3,18,700
521,4,521_4,26,1004
521,5,521_5,31,1265
604,1,604_1,6,239
604,2,604_2,12,439
604,3,604_3,16,539
604,4,604_4,22,739
604,5,604_5,26,839
509,1,509_1,7,260
509,2,509_2,12,337
509,3,509_3,18,678
509,4,509_4,26,892
509,5,509_5,31,1224
588,1,588_1,9,385
588,2,588_2,13,519
588,3,588_3,19,893
588,4,588_4,28,1128
588,5,588_5,33,1467
520,1,520_1,9,274
520,2,520_2,12,349
520,3,520_3,17,633
520,4,520_4,25,848
520,5,520_5,30,1058
